gender,parental level of education,lunch,test preparation course,math score,reading score,writing score,cgpa,package
female,bachelor's degree,standard,none,72,72,74,7.19,26
female,some college,standard,completed,69,90,88,7.46,38
female,master's degree,standard,none,90,95,93,7.54,40
male,associate's degree,free/reduced,none,47,57,44,6.42,8
male,some college,standard,none,76,78,75,7.23,17
female,associate's degree,standard,none,71,83,78,7.3,23
female,some college,standard,completed,88,95,92,6.69,11
male,some college,free/reduced,none,40,43,39,7.12,39
male,high school,free/reduced,completed,64,64,67,6.45,38
female,high school,free/reduced,none,38,60,50,7.75,94
male,associate's degree,standard,none,58,54,52,6.82,16
male,associate's degree,standard,none,40,52,43,6.38,7
female,high school,standard,none,65,81,73,6.58,16
male,some college,standard,completed,78,72,70,5.68,26
female,master's degree,standard,none,50,53,58,7.91,43
female,some high school,standard,none,69,75,78,7.1,21
male,high school,standard,none,88,89,86,6.53,19
female,some high school,free/reduced,none,18,32,28,7.56,22
male,master's degree,free/reduced,completed,46,42,46,6.93,27
female,associate's degree,free/reduced,none,54,58,61,7.63,29
male,high school,standard,none,66,69,63,6.69,47
female,some college,free/reduced,completed,65,75,70,7.43,33
male,some college,standard,none,44,54,53,6.76,54
female,some high school,standard,none,69,73,73,6.05,11
male,bachelor's degree,free/reduced,completed,74,71,80,6.44,11
male,master's degree,free/reduced,none,73,74,72,6.28,58
male,some college,standard,none,69,54,55,7.45,8
female,bachelor's degree,standard,none,67,69,75,6.53,46
male,high school,standard,none,70,70,65,7.23,19
female,master's degree,standard,none,62,70,75,6.51,15
female,some college,standard,none,69,74,74,7.46,16
female,some college,standard,none,63,65,61,7.66,44
female,master's degree,free/reduced,none,56,72,65,5.91,11
male,some college,standard,none,40,42,38,6.23,27
male,some college,standard,none,97,87,82,8.15,9
male,associate's degree,standard,completed,81,81,79,7.48,12
female,associate's degree,standard,none,74,81,83,6.85,16
female,some high school,free/reduced,none,50,64,59,8.51,9
female,associate's degree,free/reduced,completed,75,90,88,6.58,20
male,associate's degree,free/reduced,none,57,56,57,7.25,17
male,associate's degree,free/reduced,none,55,61,54,6.6,86
female,associate's degree,standard,none,58,73,68,6.7,38
female,associate's degree,standard,none,53,58,65,7.46,71
male,some college,free/reduced,completed,59,65,66,7.85,63
female,associate's degree,free/reduced,none,50,56,54,7.88,55
male,associate's degree,standard,none,65,54,57,6.92,10
female,associate's degree,standard,completed,55,65,62,7.3,15
female,high school,standard,none,66,71,76,6.92,46
female,associate's degree,free/reduced,completed,57,74,76,6.29,42
male,high school,standard,completed,82,84,82,8.23,28
male,some college,standard,none,53,55,48,6.2,18
male,associate's degree,free/reduced,completed,77,69,68,6.24,28
male,some college,standard,none,53,44,42,7.53,27
male,high school,standard,none,88,78,75,6.69,33
female,some high school,free/reduced,completed,71,84,87,8.42,36
female,high school,free/reduced,none,33,41,43,8.12,15
female,associate's degree,standard,completed,82,85,86,6.93,15
male,associate's degree,standard,none,52,55,49,7.73,24
male,some college,standard,completed,58,59,58,7.34,43
female,some high school,free/reduced,none,0,17,10,7.7,32
male,bachelor's degree,free/reduced,completed,79,74,72,7.94,31
male,some high school,free/reduced,none,39,39,34,7.51,86
male,associate's degree,free/reduced,none,62,61,55,7.61,22
female,associate's degree,standard,none,69,80,71,6.22,26
female,some high school,standard,none,59,58,59,6.98,52
male,some high school,standard,none,67,64,61,6.27,28
male,some high school,free/reduced,none,45,37,37,6.67,31
female,some college,standard,none,60,72,74,8.04,18
male,associate's degree,free/reduced,none,61,58,56,6.58,30
female,associate's degree,standard,none,39,64,57,7.41,44
female,some college,free/reduced,completed,58,63,73,6.98,17
male,some college,standard,completed,63,55,63,6.13,20
female,associate's degree,free/reduced,none,41,51,48,7.9,19
male,some high school,free/reduced,none,61,57,56,6.39,12
male,some high school,standard,none,49,49,41,6.16,3
male,associate's degree,free/reduced,none,44,41,38,6.77,56
male,some high school,standard,none,30,26,22,8.35,12
male,bachelor's degree,standard,completed,80,78,81,7.1,28
female,some high school,standard,completed,61,74,72,8.2,12
female,master's degree,standard,none,62,68,68,7.63,19
female,associate's degree,standard,none,47,49,50,6.87,46
male,high school,free/reduced,none,49,45,45,7.12,44
male,some college,free/reduced,completed,50,47,54,7.22,12
male,associate's degree,standard,none,72,64,63,7.38,20
male,high school,free/reduced,none,42,39,34,5.65,35
female,some college,standard,none,73,80,82,6.03,28
female,some college,free/reduced,none,76,83,88,7.19,22
female,associate's degree,standard,none,71,71,74,6.96,19
female,some college,standard,none,58,70,67,6.78,39
female,some high school,standard,none,73,86,82,6.56,17
female,bachelor's degree,standard,none,65,72,74,7.61,15
male,high school,free/reduced,none,27,34,36,7.42,6
male,high school,standard,none,71,79,71,6.48,63
male,associate's degree,free/reduced,completed,43,45,50,7,30
female,some college,standard,none,79,86,92,7.15,21
male,associate's degree,free/reduced,completed,78,81,82,6.89,35
male,some high school,standard,completed,65,66,62,7.09,28
female,some college,standard,completed,63,72,70,7.33,52
female,some college,free/reduced,none,58,67,62,8.12,76
female,bachelor's degree,standard,none,65,67,62,7.46,23
male,some college,standard,none,79,67,67,6.56,46
male,bachelor's degree,standard,completed,68,74,74,6.48,26
female,associate's degree,standard,none,85,91,89,5.92,22
male,high school,standard,completed,60,44,47,6.44,18
male,some college,standard,completed,98,86,90,6.82,47
female,some college,standard,none,58,67,72,6.72,12
female,master's degree,standard,none,87,100,100,6.59,22
male,associate's degree,standard,completed,66,63,64,7.32,9
female,associate's degree,free/reduced,none,52,76,70,5.94,10
female,some high school,standard,none,70,64,72,7.23,21
female,associate's degree,free/reduced,completed,77,89,98,6.96,31
male,high school,standard,none,62,55,49,6.48,33
male,associate's degree,standard,none,54,53,47,7.23,15
female,some college,standard,none,51,58,54,7.24,10
female,bachelor's degree,standard,completed,99,100,100,6.3,77
male,high school,standard,none,84,77,74,7.28,37
female,bachelor's degree,free/reduced,none,75,85,82,7.16,21
female,bachelor's degree,standard,none,78,82,79,7.11,0
female,some high school,standard,none,51,63,61,6.9,54
female,some college,standard,none,55,69,65,7,39
female,bachelor's degree,standard,completed,79,92,89,6.99,46
male,associate's degree,standard,completed,91,89,92,5.91,27
female,some college,standard,completed,88,93,93,5.97,51
male,high school,free/reduced,none,63,57,56,6.25,52
male,some college,standard,none,83,80,73,6.2,30
female,high school,standard,none,87,95,86,7.46,55
male,some high school,standard,none,72,68,67,7.16,37
male,some college,standard,completed,65,77,74,6.95,23
male,master's degree,standard,none,82,82,74,6.76,25
female,bachelor's degree,standard,none,51,49,51,6.81,39
male,master's degree,standard,none,89,84,82,5.91,53
male,some high school,free/reduced,completed,53,37,40,8.19,19
male,some college,free/reduced,completed,87,74,70,7.71,18
female,some college,standard,completed,75,81,84,7.65,64
male,bachelor's degree,free/reduced,completed,74,79,75,6.33,93
male,bachelor's degree,standard,none,58,55,48,6.63,47
male,some high school,standard,completed,51,54,41,7.28,15
male,high school,standard,none,70,55,56,5.69,53
female,associate's degree,standard,none,59,66,67,7.53,8
male,some college,standard,completed,71,61,69,8.09,5
female,some high school,standard,none,76,72,71,6.85,22
female,some college,free/reduced,none,59,62,64,7.19,18
female,some college,free/reduced,completed,42,55,54,7.66,41
male,high school,standard,none,57,43,47,6.32,33
male,some college,standard,none,88,73,78,6.67,17
female,some college,free/reduced,none,22,39,33,7.08,28
male,some high school,standard,none,88,84,75,6.75,22
male,associate's degree,free/reduced,none,73,68,66,6.68,11
female,bachelor's degree,standard,completed,68,75,81,6.86,49
male,associate's degree,free/reduced,completed,100,100,93,6.81,58
male,some high school,standard,completed,62,67,69,8.53,22
male,bachelor's degree,standard,none,77,67,68,7.29,16
female,associate's degree,standard,completed,59,70,66,7.78,56
male,bachelor's degree,standard,none,54,49,47,6.29,10
male,some high school,standard,none,62,67,61,7.57,54
female,some college,standard,completed,70,89,88,7.84,12
female,high school,free/reduced,completed,66,74,78,6.4,34
male,some college,free/reduced,none,60,60,60,7.07,81
female,associate's degree,standard,completed,61,86,87,5.74,50
male,associate's degree,free/reduced,none,66,62,64,6.7,22
male,associate's degree,free/reduced,completed,82,78,74,7.36,10
female,some college,free/reduced,completed,75,88,85,6.26,52
male,master's degree,free/reduced,none,49,53,52,7.8,90
male,high school,standard,none,52,53,49,6.77,42
female,master's degree,standard,none,81,92,91,6.29,34
female,bachelor's degree,standard,completed,96,100,100,7.53,7
male,high school,free/reduced,completed,53,51,51,7.76,59
female,master's degree,free/reduced,completed,58,76,78,6.65,48
female,high school,standard,completed,68,83,78,6.51,37
female,some college,free/reduced,completed,67,75,70,6.19,16
male,high school,standard,completed,72,73,74,6.17,37
male,some high school,standard,none,94,88,78,6.2,38
female,some college,standard,none,79,86,81,7.24,43
female,associate's degree,standard,none,63,67,70,6.71,48
female,bachelor's degree,free/reduced,completed,43,51,54,7.31,21
female,master's degree,standard,completed,81,91,87,7.57,26
female,high school,free/reduced,completed,46,54,58,7.72,30
female,associate's degree,standard,completed,71,77,77,6.22,40
female,master's degree,free/reduced,completed,52,70,62,7.51,39
female,some high school,standard,completed,97,100,100,6.4,45
male,master's degree,free/reduced,completed,62,68,75,7.18,29
female,some college,free/reduced,none,46,64,66,7.3,42
female,high school,standard,none,50,50,47,6.87,76
female,associate's degree,standard,none,65,69,70,6.11,18
male,some high school,free/reduced,completed,45,52,49,7.78,33
male,associate's degree,free/reduced,completed,65,67,65,7.3,31
male,high school,standard,none,80,76,65,6.97,63
male,some high school,standard,completed,62,66,68,6.63,10
male,some high school,free/reduced,none,48,52,45,5.92,55
female,bachelor's degree,standard,none,77,88,87,6.63,9
female,associate's degree,standard,none,66,65,69,7.54,23
male,some college,standard,completed,76,83,79,6.63,8
female,some high school,standard,none,62,64,66,6.67,38
male,some college,standard,completed,77,62,62,6.31,14
female,master's degree,standard,completed,69,84,85,8.19,33
male,associate's degree,standard,none,61,55,52,6.71,44
male,some high school,free/reduced,completed,59,69,65,7.28,34
male,high school,free/reduced,none,55,56,51,6.75,27
female,some college,free/reduced,none,45,53,55,8.29,44
female,bachelor's degree,free/reduced,none,78,79,76,7.43,25
female,associate's degree,standard,completed,67,84,86,5.77,22
female,some college,free/reduced,none,65,81,77,6.67,15
male,associate's degree,standard,none,69,77,69,6.51,48
female,associate's degree,standard,none,57,69,68,7.93,52
male,some college,standard,none,59,41,42,7.01,5
male,some high school,standard,completed,74,71,78,6.99,47
male,bachelor's degree,standard,none,82,62,62,7.5,25
male,high school,standard,completed,81,80,76,7.05,16
female,some college,free/reduced,none,74,81,76,7.25,12
female,some college,free/reduced,none,58,61,66,6.88,35
male,some high school,free/reduced,completed,80,79,79,6.58,19
male,some college,free/reduced,none,35,28,27,7.36,14
female,high school,free/reduced,none,42,62,60,6.23,57
male,associate's degree,free/reduced,completed,60,51,56,6.62,19
male,high school,standard,completed,87,91,81,7.42,60
male,some high school,standard,completed,84,83,75,7.72,22
female,associate's degree,free/reduced,completed,83,86,88,5.42,36
female,high school,free/reduced,none,34,42,39,6.92,16
male,high school,free/reduced,none,66,77,70,6.62,52
male,some high school,standard,completed,61,56,56,5.48,3
female,high school,standard,completed,56,68,74,7.75,16
male,associate's degree,standard,none,87,85,73,6.78,24
female,some high school,free/reduced,none,55,65,62,6.97,78
male,some high school,standard,none,86,80,75,6.15,11
female,associate's degree,standard,completed,52,66,73,7.15,19
female,master's degree,free/reduced,none,45,56,54,7.36,13
female,some college,standard,none,72,72,71,6.79,21
male,high school,standard,none,57,50,54,7.03,19
male,some high school,free/reduced,none,68,72,64,7.61,15
female,some college,standard,completed,88,95,94,6.68,13
male,some college,standard,none,76,64,66,7.12,14
male,associate's degree,standard,none,46,43,42,6.4,35
female,bachelor's degree,standard,none,67,86,83,7.77,34
male,some high school,standard,none,92,87,78,7.25,41
male,bachelor's degree,standard,completed,83,82,84,8.09,36
male,associate's degree,standard,none,80,75,77,7.2,52
male,bachelor's degree,free/reduced,none,63,66,67,7.7,36
female,some high school,standard,completed,64,60,74,7.14,52
male,some college,standard,none,54,52,51,7.41,78
male,associate's degree,standard,none,84,80,80,6.71,16
male,high school,free/reduced,completed,73,68,66,7.25,38
female,bachelor's degree,standard,none,80,83,83,7.22,18
female,high school,standard,none,56,52,55,5.99,44
male,some college,standard,none,59,51,43,6.78,55
male,some high school,standard,none,75,74,69,7.68,44
male,associate's degree,standard,none,85,76,71,6.78,62
male,associate's degree,standard,none,89,76,74,7.67,26
female,high school,standard,completed,58,70,68,6.25,49
female,high school,standard,none,65,64,62,6.9,44
male,high school,standard,none,68,60,53,7.46,52
male,some high school,standard,completed,47,49,49,7.4,13
female,some college,free/reduced,none,71,83,83,6.46,45
female,some high school,standard,completed,60,70,70,6.24,54
male,master's degree,standard,none,80,80,72,6.98,76
male,high school,standard,none,54,52,52,6.7,64
female,some college,standard,none,62,73,70,7.76,10
female,associate's degree,free/reduced,none,64,73,68,7.37,48
male,associate's degree,standard,completed,78,77,77,5.74,76
female,some college,standard,none,70,75,78,6.12,6
female,master's degree,free/reduced,completed,65,81,81,7.16,10
female,some high school,free/reduced,completed,64,79,77,5.66,57
male,some college,standard,completed,79,79,78,7.17,11
female,some high school,free/reduced,none,44,50,51,7.19,10
female,high school,standard,none,99,93,90,8.11,50
male,high school,standard,none,76,73,68,7.82,28
male,some high school,free/reduced,none,59,42,41,6.94,57
female,bachelor's degree,standard,none,63,75,81,7.73,50
female,high school,standard,none,69,72,77,6,65
female,associate's degree,standard,completed,88,92,95,7.38,21
female,some college,free/reduced,none,71,76,70,6.47,16
male,bachelor's degree,standard,none,69,63,61,6.8,16
male,some college,standard,none,58,49,42,7.64,21
female,associate's degree,free/reduced,none,47,53,58,6.23,56
female,some college,standard,none,65,70,71,7,9
male,some college,standard,completed,88,85,76,7.13,4
male,bachelor's degree,standard,none,83,78,73,8.03,39
female,some high school,standard,completed,85,92,93,6.96,46
female,high school,standard,completed,59,63,75,6.45,15
female,some high school,free/reduced,none,65,86,80,5.23,17
male,bachelor's degree,free/reduced,none,73,56,57,8.49,40
male,high school,standard,none,53,52,42,6.62,55
male,high school,standard,none,45,48,46,7.68,22
female,bachelor's degree,free/reduced,none,73,79,84,6.43,44
female,some college,free/reduced,completed,70,78,78,7.09,87
female,some high school,standard,none,37,46,46,6.99,62
male,associate's degree,standard,completed,81,82,82,7.42,57
male,associate's degree,standard,completed,97,82,88,6.29,58
female,some high school,standard,none,67,89,82,6.24,24
male,bachelor's degree,free/reduced,none,88,75,76,7.07,21
male,some high school,standard,completed,77,76,77,6.73,9
male,associate's degree,standard,none,76,70,68,8.38,87
male,some high school,standard,none,86,73,70,7.46,14
male,some high school,standard,completed,63,60,57,5.82,41
female,bachelor's degree,standard,none,65,73,75,6.97,11
male,high school,free/reduced,completed,78,77,80,6.12,17
male,associate's degree,free/reduced,none,67,62,60,6.02,64
male,some high school,standard,completed,46,41,43,6.99,19
male,associate's degree,standard,completed,71,74,68,7.03,32
male,high school,free/reduced,completed,40,46,50,6.16,48
male,associate's degree,free/reduced,none,90,87,75,6.75,15
male,some college,free/reduced,completed,81,78,81,7.36,52
male,some high school,free/reduced,none,56,54,52,7.84,5
female,associate's degree,standard,completed,67,84,81,7.95,34
male,associate's degree,standard,none,80,76,64,7.35,56
female,associate's degree,standard,completed,74,75,83,7.12,33
male,some college,standard,none,69,67,69,6.67,32
male,some college,standard,completed,99,87,81,6.86,19
male,some high school,standard,none,51,52,44,7.47,28
female,associate's degree,free/reduced,none,53,71,67,7.2,47
female,high school,free/reduced,none,49,57,52,7.46,31
female,associate's degree,standard,none,73,76,80,5.56,50
male,bachelor's degree,standard,none,66,60,57,6.97,87
male,bachelor's degree,standard,completed,67,61,68,7.02,55
female,associate's degree,free/reduced,completed,68,67,69,6.51,18
female,bachelor's degree,standard,completed,59,64,75,7.43,14
male,high school,standard,none,71,66,65,7.96,37
female,master's degree,standard,completed,77,82,91,7.07,38
male,associate's degree,standard,none,83,72,78,7.47,19
male,bachelor's degree,standard,none,63,71,69,6.74,60
female,associate's degree,free/reduced,none,56,65,63,7.53,13
female,high school,free/reduced,completed,67,79,84,7.18,51
female,high school,standard,none,75,86,79,6.82,47
female,some college,standard,none,71,81,80,6.77,38
female,some high school,free/reduced,none,43,53,53,6.6,38
female,high school,free/reduced,none,41,46,43,6.64,90
female,some college,standard,none,82,90,94,6.65,13
male,some college,standard,none,61,61,62,7.54,13
male,some college,free/reduced,none,28,23,19,8.21,56
male,associate's degree,standard,completed,82,75,77,7.4,28
female,some high school,standard,none,41,55,51,7.3,35
male,high school,standard,none,71,60,61,6.68,16
male,associate's degree,standard,none,47,37,35,6.12,22
male,associate's degree,standard,completed,62,56,53,7.03,39
male,associate's degree,standard,none,90,78,81,6.74,20
female,bachelor's degree,standard,none,83,93,95,6.56,19
female,some college,free/reduced,none,61,68,66,6.9,17
male,some high school,standard,completed,76,70,69,7.93,9
male,associate's degree,standard,none,49,51,43,6.95,68
female,some high school,free/reduced,none,24,38,27,7.45,46
female,some high school,free/reduced,completed,35,55,60,7.32,18
male,high school,free/reduced,none,58,61,52,7.45,51
female,high school,standard,none,61,73,63,7.41,8
female,high school,standard,completed,69,76,74,6.37,23
male,associate's degree,standard,completed,67,72,67,7.2,70
male,some college,standard,none,79,73,67,7.2,26
female,high school,standard,none,72,80,75,6.26,13
male,some college,standard,none,62,61,57,7.31,33
female,bachelor's degree,standard,completed,77,94,95,7.24,34
male,high school,free/reduced,none,75,74,66,6.13,17
male,associate's degree,standard,none,87,74,76,8.12,16
female,bachelor's degree,standard,none,52,65,69,7.21,70
male,some college,standard,none,66,57,52,6.92,10
female,some college,standard,completed,63,78,80,6.51,4
female,associate's degree,standard,none,46,58,57,6.82,28
female,some college,standard,none,59,71,70,6.73,23
female,bachelor's degree,standard,none,61,72,70,6.42,18
male,associate's degree,standard,none,63,61,61,5.91,50
female,some college,free/reduced,completed,42,66,69,7.92,42
male,some college,free/reduced,none,59,62,61,6.74,52
female,some college,standard,none,80,90,89,7.61,40
female,high school,standard,none,58,62,59,7.24,33
male,some high school,standard,completed,85,84,78,6.37,37
female,some college,standard,none,52,58,58,7.25,21
female,some high school,free/reduced,none,27,34,32,7.61,13
male,some college,standard,none,59,60,58,6.87,9
male,bachelor's degree,free/reduced,completed,49,58,60,7.07,25
male,high school,standard,completed,69,58,53,6.78,42
male,bachelor's degree,free/reduced,none,61,66,61,6.41,30
female,some high school,free/reduced,none,44,64,58,7.09,32
female,some high school,standard,none,73,84,85,6.69,36
male,some college,standard,none,84,77,71,5.7,79
female,some college,free/reduced,completed,45,73,70,5.9,29
male,some high school,standard,none,74,74,72,5.95,8
female,some college,standard,completed,82,97,96,5.58,41
female,bachelor's degree,standard,none,59,70,73,7.34,41
male,associate's degree,free/reduced,none,46,43,41,7.31,31
female,some high school,standard,none,80,90,82,6.25,60
female,master's degree,free/reduced,completed,85,95,100,6.7,47
female,some high school,standard,none,71,83,77,7.27,25
male,bachelor's degree,standard,none,66,64,62,7.37,65
female,associate's degree,standard,none,80,86,83,7.12,31
male,associate's degree,standard,completed,87,100,95,6.17,53
male,master's degree,free/reduced,none,79,81,71,7.55,61
female,some high school,free/reduced,none,38,49,45,7.26,4
female,some high school,free/reduced,none,38,43,43,7.03,33
female,some college,standard,none,67,76,75,7.33,21
female,bachelor's degree,standard,none,64,73,70,7.63,43
female,associate's degree,free/reduced,none,57,78,67,7.25,7
female,high school,standard,none,62,64,64,7.28,23
male,master's degree,standard,none,73,70,75,5.9,16
male,some high school,free/reduced,completed,73,67,59,6.63,16
female,some college,standard,none,77,68,77,7.77,66
male,some college,standard,none,76,67,67,6.76,35
male,associate's degree,standard,completed,57,54,56,6.6,18
female,some high school,standard,completed,65,74,77,7.94,18
male,high school,free/reduced,none,48,45,41,7.29,11
female,high school,free/reduced,none,50,67,63,7.28,10
female,associate's degree,standard,none,85,89,95,7.55,63
male,some high school,standard,none,74,63,57,7.55,48
male,some high school,standard,none,60,59,54,5.74,43
female,some high school,standard,completed,59,54,67,6,33
male,some college,standard,none,53,43,43,6.74,22
female,some college,free/reduced,none,49,65,55,6.08,34
female,high school,standard,completed,88,99,100,6.71,83
female,high school,standard,none,54,59,62,8.02,35
female,some high school,standard,none,63,73,68,6.6,32
male,associate's degree,standard,completed,65,65,63,7.14,17
female,associate's degree,standard,none,82,80,77,8.23,20
female,high school,free/reduced,completed,52,57,56,7.8,24
male,associate's degree,standard,completed,87,84,85,6.92,24
female,master's degree,standard,completed,70,71,74,7.36,37
male,some college,standard,completed,84,83,78,6.04,66
male,associate's degree,standard,none,71,66,60,6.5,45
male,some high school,standard,completed,63,67,67,6.65,28
female,bachelor's degree,free/reduced,completed,51,72,79,7.3,36
male,high school,standard,none,84,73,69,6.37,46
male,bachelor's degree,standard,completed,71,74,68,7.51,55
male,associate's degree,standard,none,74,73,67,6.9,19
male,some college,standard,none,68,59,62,6.3,29
male,high school,free/reduced,completed,57,56,54,6.22,46
female,associate's degree,free/reduced,completed,82,93,93,7.59,49
female,high school,standard,completed,57,58,64,6.29,46
female,master's degree,free/reduced,completed,47,58,67,7.09,19
female,some high school,standard,completed,59,85,80,8.27,26
male,some college,free/reduced,none,41,39,34,6.91,30
female,some college,free/reduced,none,62,67,62,7.45,15
male,bachelor's degree,standard,none,86,83,86,7.26,21
male,some high school,free/reduced,none,69,71,65,6.17,39
male,some high school,free/reduced,none,65,59,53,7.89,46
male,some high school,free/reduced,none,68,63,54,7.35,55
male,associate's degree,free/reduced,none,64,66,59,7.22,19
female,high school,standard,none,61,72,70,7.64,21
male,high school,standard,none,61,56,55,6.67,26
female,some high school,free/reduced,none,47,59,50,5.77,11
male,some high school,standard,none,73,66,66,7.01,5
male,some college,free/reduced,completed,50,48,53,7.45,37
male,associate's degree,standard,none,75,68,64,6.31,19
male,associate's degree,free/reduced,none,75,66,73,6.73,22
male,high school,standard,none,70,56,51,7.31,7
male,some high school,standard,completed,89,88,82,6.67,10
female,some college,standard,completed,67,81,79,8.56,22
female,high school,standard,none,78,81,80,7.8,15
female,some high school,free/reduced,none,59,73,69,7.08,48
female,associate's degree,standard,none,73,83,76,6.92,77
male,some high school,free/reduced,none,79,82,73,6.66,14
female,some high school,standard,completed,67,74,77,5.56,10
male,some college,free/reduced,none,69,66,60,6.6,23
male,high school,standard,completed,86,81,80,6.5,17
male,high school,standard,none,47,46,42,6.32,31
male,associate's degree,standard,none,81,73,72,6.21,37
female,some college,free/reduced,completed,64,85,85,6.44,31
female,some college,standard,none,100,92,97,5.94,31
female,associate's degree,free/reduced,none,65,77,74,6.59,42
male,some college,free/reduced,none,65,58,49,7.31,24
female,associate's degree,free/reduced,none,53,61,62,7.13,53
male,bachelor's degree,free/reduced,none,37,56,47,6.92,43
female,bachelor's degree,standard,none,79,89,89,6.76,12
male,associate's degree,free/reduced,none,53,54,48,6.58,20
female,bachelor's degree,standard,none,100,100,100,7.13,47
male,high school,standard,completed,72,65,68,6.62,79
male,bachelor's degree,free/reduced,none,53,58,55,6.91,4
male,some college,free/reduced,none,54,54,45,7.39,12
female,some college,standard,none,71,70,76,6.71,9
female,some college,free/reduced,none,77,90,91,6.82,49
male,bachelor's degree,standard,completed,75,58,62,6.28,37
female,some college,standard,none,84,87,91,7.65,49
female,associate's degree,free/reduced,none,26,31,38,6.45,16
male,high school,free/reduced,completed,72,67,65,6.65,7
female,high school,free/reduced,completed,77,88,85,6.73,70
male,some college,standard,none,91,74,76,5.86,46
female,associate's degree,standard,completed,83,85,90,6.46,28
female,high school,standard,none,63,69,74,5.48,18
female,associate's degree,standard,completed,68,86,84,6.19,38
female,some high school,standard,none,59,67,61,6.38,25
female,associate's degree,standard,completed,90,90,91,7.11,25
female,bachelor's degree,standard,completed,71,76,83,7.38,10
male,bachelor's degree,standard,completed,76,62,66,6.83,34
male,associate's degree,standard,none,80,68,72,5.78,18
female,master's degree,standard,none,55,64,70,7.32,36
male,associate's degree,standard,none,76,71,67,6.38,33
male,high school,standard,completed,73,71,68,6.8,37
female,associate's degree,free/reduced,none,52,59,56,7.33,32
male,some college,free/reduced,none,68,68,61,7.56,8
male,high school,standard,none,59,52,46,7.93,25
female,associate's degree,standard,none,49,52,54,5.81,18
male,high school,standard,none,70,74,71,4.92,44
male,some college,free/reduced,none,61,47,56,7.67,65
female,associate's degree,free/reduced,none,60,75,74,6.95,13
male,some high school,standard,completed,64,53,57,6.75,43
male,associate's degree,free/reduced,completed,79,82,82,7.24,50
female,associate's degree,free/reduced,none,65,85,76,7.34,32
female,associate's degree,standard,none,64,64,70,7.77,49
female,some college,standard,none,83,83,90,8.5,21
female,bachelor's degree,standard,none,81,88,90,6.8,18
female,high school,standard,none,54,64,68,6.83,51
male,high school,standard,completed,68,64,66,6.95,64
female,some college,standard,none,54,48,52,7.52,35
female,some college,free/reduced,completed,59,78,76,6.8,37
female,some high school,standard,none,66,69,68,6.89,14
male,some college,standard,none,76,71,72,6.42,31
female,master's degree,standard,none,74,79,82,6.07,24
female,associate's degree,standard,completed,94,87,92,6.52,31
male,some college,free/reduced,none,63,61,54,7.18,50
female,associate's degree,standard,completed,95,89,92,6.97,10
female,master's degree,free/reduced,none,40,59,54,7.24,25
female,some high school,standard,none,82,82,80,6.48,18
male,high school,standard,none,68,70,66,7.84,8
male,bachelor's degree,free/reduced,none,55,59,54,6.77,75
male,master's degree,standard,none,79,78,77,6.41,14
female,bachelor's degree,standard,none,86,92,87,7.83,48
male,some college,standard,none,76,71,73,6.84,34
male,some high school,standard,none,64,50,43,7.53,50
male,some high school,free/reduced,none,62,49,52,7.08,9
female,some high school,standard,completed,54,61,62,6.43,46
female,master's degree,free/reduced,completed,77,97,94,7.36,15
female,some high school,standard,completed,76,87,85,7.75,44
female,some college,standard,none,74,89,84,6.83,28
female,some college,standard,completed,66,74,73,6.37,38
female,some high school,standard,completed,66,78,78,7.53,22
female,high school,free/reduced,completed,67,78,79,6.6,8
male,some college,standard,none,71,49,52,7.39,20
female,associate's degree,standard,none,91,86,84,5.72,37
male,bachelor's degree,standard,none,69,58,57,6.71,63
male,master's degree,free/reduced,none,54,59,50,6.13,19
male,high school,standard,completed,53,52,49,6.85,21
male,some college,standard,none,68,60,59,6.33,17
male,some high school,free/reduced,completed,56,61,60,7.12,34
female,high school,free/reduced,none,36,53,43,7.72,37
female,bachelor's degree,free/reduced,none,29,41,47,6.9,38
female,associate's degree,standard,none,62,74,70,7.19,34
female,associate's degree,standard,completed,68,67,73,6.28,18
female,some high school,standard,none,47,54,53,7,81
male,associate's degree,standard,completed,62,61,58,6.9,20
female,associate's degree,standard,completed,79,88,94,7.19,15
male,high school,standard,completed,73,69,68,6.05,45
female,bachelor's degree,free/reduced,completed,66,83,83,6.49,62
male,associate's degree,standard,completed,51,60,58,6.87,48
female,high school,standard,none,51,66,62,7.13,9
male,bachelor's degree,standard,completed,85,66,71,7.58,27
male,associate's degree,standard,completed,97,92,86,6.79,14
male,high school,standard,completed,75,69,68,6.37,63
male,associate's degree,free/reduced,completed,79,82,80,6.11,18
female,associate's degree,standard,none,81,77,79,7.06,22
female,associate's degree,standard,none,82,95,89,7.48,16
female,master's degree,standard,none,64,63,66,7.11,14
male,some high school,free/reduced,completed,78,83,80,6.35,17
female,some high school,standard,completed,92,100,97,6.75,18
male,high school,standard,completed,72,67,64,7.33,39
female,high school,free/reduced,none,62,67,64,7.48,30
male,master's degree,standard,none,79,72,69,7.37,79
male,some high school,free/reduced,none,79,76,65,6.62,38
male,bachelor's degree,free/reduced,completed,87,90,88,6.55,66
female,associate's degree,standard,none,40,48,50,6.4,24
male,some college,free/reduced,none,77,62,64,7.46,17
male,associate's degree,standard,none,53,45,40,6.84,9
female,some college,free/reduced,none,32,39,33,6.46,32
female,associate's degree,standard,completed,55,72,79,6.7,15
male,master's degree,free/reduced,none,61,67,66,6.47,25
female,associate's degree,free/reduced,none,53,70,70,7.28,14
male,some high school,standard,none,73,66,62,6.61,58
female,some college,standard,completed,74,75,79,7.11,67
female,some college,standard,none,63,74,74,7.07,58
male,bachelor's degree,standard,completed,96,90,92,6.06,23
female,some college,free/reduced,completed,63,80,80,6.81,14
male,bachelor's degree,free/reduced,none,48,51,46,7.17,34
male,associate's degree,standard,none,48,43,45,6.61,54
female,bachelor's degree,free/reduced,completed,92,100,100,6.03,25
female,master's degree,free/reduced,completed,61,71,78,6.18,36
male,high school,free/reduced,none,63,48,47,8.13,4
male,bachelor's degree,free/reduced,none,68,68,67,7.08,30
male,some college,standard,completed,71,75,70,7.04,18
male,bachelor's degree,standard,none,91,96,92,6.47,66
female,some college,standard,none,53,62,56,7.66,37
female,high school,free/reduced,completed,50,66,64,7.23,54
female,high school,standard,none,74,81,71,6.54,33
male,associate's degree,free/reduced,completed,40,55,53,7.55,16
male,some college,standard,completed,61,51,52,6.12,8
female,high school,standard,none,81,91,89,6.85,24
female,some college,free/reduced,completed,48,56,58,7.52,47
female,master's degree,standard,none,53,61,68,7.13,13
female,some high school,standard,none,81,97,96,7.9,63
female,some high school,standard,none,77,79,80,6.57,25
female,bachelor's degree,free/reduced,none,63,73,78,7.05,27
female,associate's degree,standard,completed,73,75,80,7.1,68
female,some college,standard,none,69,77,77,6.57,60
female,associate's degree,standard,none,65,76,76,7.85,49
female,high school,standard,none,55,73,73,6.58,15
female,bachelor's degree,free/reduced,none,44,63,62,7.58,14
female,some college,standard,none,54,64,65,6.38,25
female,some high school,standard,none,48,66,65,6.6,16
male,some college,free/reduced,none,58,57,54,6.68,22
male,some high school,standard,none,71,62,50,7.89,35
male,bachelor's degree,standard,none,68,68,64,7.09,27
female,high school,standard,none,74,76,73,6.55,62
female,bachelor's degree,standard,completed,92,100,99,6.95,64
female,bachelor's degree,standard,completed,56,79,72,6.13,7
male,high school,free/reduced,none,30,24,15,8.48,25
male,some high school,standard,none,53,54,48,7.85,32
female,high school,standard,none,69,77,73,7.59,27
female,some high school,standard,none,65,82,81,7.02,55
female,master's degree,standard,none,54,60,63,6.24,38
female,high school,standard,none,29,29,30,6.89,17
female,some college,standard,none,76,78,80,7.16,32
male,high school,free/reduced,none,60,57,51,6.55,54
male,master's degree,free/reduced,completed,84,89,90,6.89,40
male,some high school,standard,none,75,72,62,6.64,42
female,associate's degree,standard,none,85,84,82,6.79,24
female,master's degree,free/reduced,none,40,58,54,7.76,49
female,some college,standard,none,61,64,62,7.33,16
female,associate's degree,standard,none,58,63,65,6.55,4
male,some college,free/reduced,completed,69,60,63,7.32,61
female,some college,standard,none,58,59,66,7.2,19
male,bachelor's degree,standard,completed,94,90,91,6.14,60
female,associate's degree,standard,none,65,77,74,6.66,55
female,associate's degree,standard,none,82,93,93,8.05,41
female,high school,standard,none,60,68,72,6.51,12
female,bachelor's degree,standard,none,37,45,38,7.09,33
male,bachelor's degree,standard,none,88,78,83,7.08,22
male,master's degree,standard,none,95,81,84,6.7,22
male,associate's degree,free/reduced,completed,65,73,68,6.81,43
female,high school,free/reduced,none,35,61,54,7.07,18
male,bachelor's degree,free/reduced,none,62,63,56,7.85,28
male,high school,free/reduced,completed,58,51,52,7.4,19
male,some college,standard,completed,100,96,86,7.35,14
female,bachelor's degree,free/reduced,none,61,58,62,7.35,80
male,some college,standard,completed,100,97,99,7.6,30
male,associate's degree,free/reduced,completed,69,70,63,7.63,19
male,associate's degree,standard,none,61,48,46,6.31,30
male,some college,free/reduced,none,49,57,46,7.12,9
female,some high school,standard,completed,44,51,55,8.15,11
male,some college,standard,none,67,64,70,6.56,96
male,high school,standard,none,79,60,65,7.26,16
female,bachelor's degree,standard,completed,66,74,81,6.37,13
female,high school,standard,none,75,88,85,6.63,39
male,some high school,standard,none,84,84,80,7.69,39
male,high school,standard,none,71,74,64,6.69,10
female,high school,free/reduced,completed,67,80,81,6.39,43
female,some high school,standard,completed,80,92,88,7.25,74
male,some college,standard,none,86,76,74,7.46,74
female,associate's degree,standard,none,76,74,73,6.42,43
male,high school,standard,none,41,52,51,6.36,61
female,associate's degree,free/reduced,completed,74,88,90,7.49,22
female,some high school,free/reduced,none,72,81,79,7.89,39
female,high school,standard,completed,74,79,80,7.59,28
male,high school,standard,none,70,65,60,7.65,29
female,bachelor's degree,standard,completed,65,81,81,6.75,36
female,associate's degree,standard,none,59,70,65,7.38,45
female,high school,free/reduced,none,64,62,68,6.69,4
female,high school,standard,none,50,53,55,7.15,24
female,some college,standard,completed,69,79,81,7.6,65
male,some high school,free/reduced,completed,51,56,53,6.19,27
female,high school,standard,completed,68,80,76,6.57,39
female,some college,standard,completed,85,86,98,7.6,43
female,associate's degree,standard,completed,65,70,74,6.93,48
female,some high school,standard,none,73,79,79,7.03,76
female,some college,standard,none,62,67,67,7.36,34
male,associate's degree,free/reduced,none,77,67,64,7.39,72
male,some high school,standard,none,69,66,61,7.6,23
female,associate's degree,free/reduced,none,43,60,58,7.57,9
male,associate's degree,standard,none,90,87,85,6.68,37
male,some college,free/reduced,none,74,77,73,5.97,26
male,some high school,standard,none,73,66,63,5.72,47
female,some college,free/reduced,none,55,71,69,7.38,15
female,high school,standard,none,65,69,67,7.05,31
male,associate's degree,standard,none,80,63,63,7.23,34
female,some high school,free/reduced,completed,50,60,60,6.16,10
female,some college,free/reduced,completed,63,73,71,7.64,27
female,bachelor's degree,free/reduced,none,77,85,87,7.17,54
male,some college,standard,none,73,74,61,7.24,47
male,associate's degree,standard,completed,81,72,77,6.94,8
female,high school,free/reduced,none,66,76,68,7.51,17
male,associate's degree,free/reduced,none,52,57,50,7.45,31
female,some college,standard,none,69,78,76,7.75,13
female,associate's degree,standard,completed,65,84,84,6.87,20
female,high school,standard,completed,69,77,78,6.73,31
female,some college,standard,completed,50,64,66,6.1,20
female,some college,standard,completed,73,78,76,6.73,21
female,some high school,standard,completed,70,82,76,6.75,24
male,associate's degree,free/reduced,none,81,75,78,6.65,34
male,some college,free/reduced,none,63,61,60,6.7,35
female,high school,standard,none,67,72,74,7.35,15
male,high school,standard,none,60,68,60,6.78,10
male,high school,standard,none,62,55,54,6.34,17
female,some high school,free/reduced,completed,29,40,44,6.5,69
male,some college,standard,completed,62,66,68,8.02,67
female,master's degree,standard,completed,94,99,100,6.05,87
male,some college,standard,completed,85,75,68,7.15,62
male,associate's degree,free/reduced,none,77,78,73,6.81,23
male,high school,free/reduced,none,53,58,44,6.59,36
male,some college,free/reduced,none,93,90,83,8.02,67
female,associate's degree,standard,none,49,53,53,7.01,26
female,associate's degree,free/reduced,none,73,76,78,7.32,14
female,bachelor's degree,free/reduced,completed,66,74,81,6.95,43
female,associate's degree,standard,none,77,77,73,6.64,42
female,some high school,standard,none,49,63,56,7.12,51
female,some college,free/reduced,none,79,89,86,6.75,11
female,associate's degree,standard,completed,75,82,90,6.94,20
female,bachelor's degree,standard,none,59,72,70,7.23,49
female,associate's degree,standard,completed,57,78,79,7.27,16
male,high school,free/reduced,none,66,66,59,6.64,20
female,bachelor's degree,standard,completed,79,81,82,6.82,16
female,some high school,standard,none,57,67,72,6.74,2
male,bachelor's degree,standard,completed,87,84,87,6.24,39
female,some college,standard,none,63,64,67,7.04,41
female,some high school,free/reduced,completed,59,63,64,6.91,45
male,bachelor's degree,free/reduced,none,62,72,65,6.55,35
male,high school,standard,none,46,34,36,7.11,13
male,some college,standard,none,66,59,52,6.86,11
male,high school,standard,none,89,87,79,7.91,50
female,associate's degree,free/reduced,completed,42,61,58,6.97,42
male,some college,standard,completed,93,84,90,7.56,6
female,some high school,standard,completed,80,85,85,6.97,30
female,some college,standard,none,98,100,99,6.35,8
male,master's degree,standard,none,81,81,84,7.8,24
female,some high school,standard,completed,60,70,74,7.06,19
female,associate's degree,free/reduced,completed,76,94,87,7.41,17
male,associate's degree,standard,completed,73,78,72,7.06,19
female,associate's degree,standard,completed,96,96,99,6.49,21
female,high school,standard,none,76,76,74,7.12,36
male,associate's degree,free/reduced,completed,91,73,80,7.17,26
female,some college,free/reduced,none,62,72,70,6.87,43
male,some high school,free/reduced,completed,55,59,59,6.98,11
female,some high school,free/reduced,completed,74,90,88,6.86,29
male,high school,standard,none,50,48,42,7.35,10
male,some college,standard,none,47,43,41,7.95,21
male,some college,standard,completed,81,74,71,6.34,10
female,associate's degree,standard,completed,65,75,77,7.93,25
male,some high school,standard,completed,68,51,57,7,30
female,high school,free/reduced,none,73,92,84,6.63,23
male,some college,standard,none,53,39,37,6.79,58
female,associate's degree,free/reduced,completed,68,77,80,6.14,90
male,some high school,free/reduced,none,55,46,43,6.74,5
female,some college,standard,completed,87,89,94,7.26,55
male,some high school,standard,none,55,47,44,7.07,10
female,some college,free/reduced,none,53,58,57,6.77,50
male,master's degree,standard,none,67,57,59,7.23,39
male,associate's degree,standard,none,92,79,84,6.86,24
female,some college,free/reduced,completed,53,66,73,6.52,12
male,associate's degree,standard,none,81,71,73,7.04,17
male,high school,free/reduced,none,61,60,55,6.34,39
male,bachelor's degree,standard,none,80,73,72,6.21,74
female,associate's degree,free/reduced,none,37,57,56,7.58,66
female,high school,standard,none,81,84,82,6.79,29
female,associate's degree,standard,completed,59,73,72,7.62,15
male,some college,free/reduced,none,55,55,47,7.49,58
male,associate's degree,standard,none,72,79,74,6.82,13
male,high school,standard,none,69,75,71,6.72,25
male,some college,standard,none,69,64,68,6.26,18
female,bachelor's degree,free/reduced,none,50,60,59,7.02,9
male,some college,standard,completed,87,84,86,7.31,61
male,some high school,standard,completed,71,69,68,6.43,8
male,some college,standard,none,68,72,65,6.69,20
male,master's degree,free/reduced,completed,79,77,75,7.37,35
female,some high school,standard,completed,77,90,85,6.87,42
male,associate's degree,free/reduced,none,58,55,53,7.91,17
female,associate's degree,standard,none,84,95,92,6.94,26
male,some college,standard,none,55,58,52,7.41,30
male,bachelor's degree,free/reduced,completed,70,68,72,6.84,15
female,some college,free/reduced,completed,52,59,65,6.55,29
male,some college,standard,completed,69,77,77,6.55,22
female,high school,free/reduced,none,53,72,64,7.13,48
female,some high school,standard,none,48,58,54,8.02,6
male,some high school,standard,completed,78,81,86,6.79,14
female,high school,standard,none,62,62,63,7.16,59
male,some college,standard,none,60,63,59,6.47,70
female,high school,standard,none,74,72,72,6.55,28
female,high school,standard,completed,58,75,77,7.17,34
male,high school,standard,completed,76,62,60,7.33,31
female,some high school,standard,none,68,71,75,6.55,63
male,some college,free/reduced,none,58,60,57,6.68,18
male,high school,standard,none,52,48,49,7.33,67
male,bachelor's degree,standard,none,75,73,74,7.31,86
female,some high school,free/reduced,completed,52,67,72,6.63,26
female,bachelor's degree,free/reduced,none,62,78,79,8.06,79
male,some college,standard,none,66,65,60,6.93,69
female,some high school,free/reduced,none,49,58,55,6.76,24
female,high school,standard,none,66,72,70,7.08,30
female,some college,free/reduced,none,35,44,43,7.67,23
female,some college,standard,completed,72,79,82,6.98,34
male,associate's degree,standard,completed,94,85,82,6.39,32
female,associate's degree,free/reduced,none,46,56,57,5.62,31
female,master's degree,standard,none,77,90,84,7.17,49
female,high school,free/reduced,completed,76,85,82,7.65,41
female,associate's degree,standard,completed,52,59,62,6.23,24
male,bachelor's degree,standard,completed,91,81,79,6.19,19
female,some high school,standard,completed,32,51,44,6.07,29
female,some high school,free/reduced,none,72,79,77,7.5,10
female,some college,standard,none,19,38,32,7.02,9
male,associate's degree,free/reduced,none,68,65,61,6.54,19
female,master's degree,free/reduced,none,52,65,61,6.46,74
female,high school,standard,none,48,62,60,7.48,47
female,some college,free/reduced,none,60,66,70,7.65,12
male,high school,free/reduced,none,66,74,69,7.92,32
male,some high school,standard,completed,89,84,77,7.23,9
female,high school,standard,none,42,52,51,6.24,17
female,associate's degree,free/reduced,completed,57,68,73,7,9
male,high school,standard,none,70,70,70,6.02,60
female,associate's degree,free/reduced,none,70,84,81,8.14,20
male,some college,standard,none,69,60,54,5.86,56
female,associate's degree,standard,none,52,55,57,6.89,53
male,some high school,standard,completed,67,73,68,6.5,28
male,some high school,standard,completed,76,80,73,6.31,14
female,associate's degree,standard,none,87,94,95,6.1,16
female,some college,standard,none,82,85,87,7.19,20
female,some college,standard,none,73,76,78,6.49,81
male,some college,free/reduced,none,75,81,74,6.23,13
female,some college,free/reduced,none,64,74,75,6.39,15
female,high school,free/reduced,none,41,45,40,7.16,19
male,high school,standard,none,90,75,69,7.68,31
male,bachelor's degree,standard,none,59,54,51,6.39,22
male,some high school,standard,none,51,31,36,7.14,21
male,high school,free/reduced,none,45,47,49,8.04,14
female,master's degree,standard,completed,54,64,67,5.99,23
male,some high school,standard,completed,87,84,76,7.43,52
female,high school,standard,none,72,80,83,7.78,17
male,some high school,standard,completed,94,86,87,5.27,43
female,bachelor's degree,standard,none,45,59,64,7.19,23
male,bachelor's degree,free/reduced,completed,61,70,76,7.84,26
female,high school,free/reduced,none,60,72,68,5.52,62
female,some high school,standard,none,77,91,88,6.93,10
female,some high school,standard,completed,85,90,92,6.27,16
female,bachelor's degree,free/reduced,none,78,90,93,6.1,9
male,some college,free/reduced,completed,49,52,51,7.33,32
female,high school,free/reduced,none,71,87,82,6.67,18
female,some high school,free/reduced,none,48,58,52,7.48,27
male,high school,standard,none,62,67,58,6.3,23
female,associate's degree,free/reduced,completed,56,68,70,7.05,32
female,some high school,standard,none,65,69,76,6.46,21
female,some high school,free/reduced,completed,69,86,81,6.44,63
male,some high school,standard,none,68,54,53,6.87,37
female,some college,free/reduced,none,61,60,57,6.46,28
female,bachelor's degree,free/reduced,completed,74,86,89,6.81,55
male,bachelor's degree,standard,none,64,60,58,6.91,59
female,high school,standard,completed,77,82,89,7.29,23
male,some college,standard,none,58,50,45,6.22,52
female,high school,standard,completed,60,64,74,6.67,65
male,high school,standard,none,73,64,57,7.09,33
female,high school,standard,completed,75,82,79,6.65,24
male,associate's degree,free/reduced,completed,58,57,53,6.84,32
female,associate's degree,standard,none,66,77,73,6.44,24
female,high school,free/reduced,none,39,52,46,6.89,22
male,some high school,standard,none,64,58,51,7.45,27
female,high school,free/reduced,completed,23,44,36,7.33,14
male,some college,free/reduced,completed,74,77,76,6.31,60
female,some high school,free/reduced,completed,40,65,64,7.62,18
male,master's degree,standard,none,90,85,84,5.98,36
male,master's degree,standard,completed,91,85,85,6.99,97
male,high school,standard,none,64,54,50,7.2,54
female,high school,standard,none,59,72,68,7.2,27
male,associate's degree,standard,none,80,75,69,7.89,8
male,master's degree,standard,none,71,67,67,8.39,37
female,high school,standard,none,61,68,63,6.29,17
female,some college,standard,none,87,85,93,6.54,43
male,some high school,standard,none,82,67,61,7.74,22
male,some high school,standard,none,62,64,55,5.83,68
female,bachelor's degree,standard,none,97,97,96,7.89,9
male,some college,free/reduced,none,75,68,65,7.52,6
female,bachelor's degree,standard,none,65,79,81,5.72,64
male,high school,standard,completed,52,49,46,7.51,26
male,associate's degree,free/reduced,none,87,73,72,6.52,22
female,associate's degree,standard,none,53,62,53,7.51,21
female,master's degree,free/reduced,none,81,86,87,6.32,28
male,bachelor's degree,free/reduced,completed,39,42,38,6.04,37
female,some college,standard,completed,71,71,80,8.04,2
male,associate's degree,standard,none,97,93,91,6.32,5
male,some college,standard,completed,82,82,88,6.77,16
male,high school,free/reduced,none,59,53,52,7.29,35
male,associate's degree,standard,none,61,42,41,8.04,26
male,associate's degree,free/reduced,completed,78,74,72,7.33,36
male,associate's degree,free/reduced,none,49,51,51,5.51,58
male,high school,standard,none,59,58,47,6.67,15
female,some college,standard,completed,70,72,76,6.56,60
male,associate's degree,standard,completed,82,84,78,6.95,54
male,associate's degree,free/reduced,none,90,90,82,7.9,42
female,bachelor's degree,free/reduced,none,43,62,61,6.6,24
male,some college,free/reduced,none,80,64,66,5.73,16
male,some college,standard,none,81,82,84,6.33,20
male,some high school,standard,none,57,61,54,6.32,9
female,some high school,standard,none,59,72,80,6.98,34
female,associate's degree,standard,none,64,76,74,6.83,31
male,bachelor's degree,standard,completed,63,64,66,6.4,13
female,bachelor's degree,standard,completed,71,70,70,7.72,42
female,high school,free/reduced,none,64,73,71,7.25,35
male,bachelor's degree,free/reduced,none,55,46,44,7.98,6
female,associate's degree,standard,none,51,51,54,7.11,4
female,associate's degree,standard,completed,62,76,80,7.13,16
female,associate's degree,standard,completed,93,100,95,7.22,17
male,high school,free/reduced,none,54,72,59,7.19,17
female,some college,free/reduced,none,69,65,74,7.62,23
male,high school,free/reduced,none,44,51,48,7.39,38
female,some college,standard,completed,86,85,91,7.73,30
female,associate's degree,standard,none,85,92,85,7.42,26
female,master's degree,free/reduced,none,50,67,73,5.96,18
male,some high school,standard,completed,88,74,75,7.07,32
female,associate's degree,standard,none,59,62,69,6.5,16
female,some high school,free/reduced,none,32,34,38,7.82,35
male,high school,free/reduced,none,36,29,27,5.73,38
female,some high school,free/reduced,completed,63,78,79,7.13,35
male,associate's degree,standard,completed,67,54,63,7.14,18
female,some high school,standard,completed,65,78,82,7.62,8
male,master's degree,standard,none,85,84,89,6.08,19
female,master's degree,standard,none,73,78,74,7.1,50
female,high school,free/reduced,completed,34,48,41,7.03,42
female,bachelor's degree,free/reduced,completed,93,100,100,7.56,28
female,some high school,free/reduced,none,67,84,84,7.36,32
male,some college,standard,none,88,77,77,7.08,29
male,high school,standard,none,57,48,51,7.56,34
female,some college,standard,completed,79,84,91,7.03,44
female,bachelor's degree,free/reduced,none,67,75,72,6.06,17
male,bachelor's degree,standard,completed,70,64,70,6.57,11
male,bachelor's degree,free/reduced,none,50,42,48,7.82,29
female,some college,standard,none,69,84,82,7.45,36
female,bachelor's degree,standard,completed,52,61,66,7.48,38
female,bachelor's degree,free/reduced,completed,47,62,66,6.78,7
female,associate's degree,free/reduced,none,46,61,55,6.97,25
female,some college,standard,none,68,70,66,6.88,34
male,bachelor's degree,standard,completed,100,100,100,6.88,11
female,high school,standard,none,44,61,52,5.95,100
female,associate's degree,standard,completed,57,77,80,7.09,9
male,some college,standard,completed,91,96,91,6.59,21
male,high school,free/reduced,none,69,70,67,7.97,52
female,high school,free/reduced,none,35,53,46,6.91,38
male,high school,standard,none,72,66,66,7.68,23
female,associate's degree,free/reduced,none,54,65,65,6.52,10
male,high school,free/reduced,none,74,70,69,6.85,23
male,some high school,standard,completed,74,64,60,6.91,56
male,associate's degree,free/reduced,none,64,56,52,7.02,14
female,high school,free/reduced,completed,65,61,71,7.37,52
male,associate's degree,free/reduced,completed,46,43,44,6.63,32
female,some high school,free/reduced,none,48,56,51,6.89,25
male,some college,free/reduced,completed,67,74,70,6.94,7
male,some college,free/reduced,none,62,57,62,7.19,33
male,associate's degree,free/reduced,completed,61,71,73,6.89,71
male,bachelor's degree,free/reduced,completed,70,75,74,6.01,9
male,associate's degree,standard,completed,98,87,90,7.15,9
male,some college,free/reduced,none,70,63,58,8.12,37
male,associate's degree,standard,none,67,57,53,7.32,20
female,high school,free/reduced,none,57,58,57,6.42,34
male,some college,standard,completed,85,81,85,6.27,24
male,some high school,standard,completed,77,68,69,6.98,41
male,master's degree,free/reduced,completed,72,66,72,6.16,38
female,master's degree,standard,none,78,91,96,7.18,8
male,high school,standard,none,81,66,64,7.03,6
male,some high school,free/reduced,completed,61,62,61,7.36,2
female,high school,standard,none,58,68,61,7.21,21
female,associate's degree,standard,none,54,61,58,6.71,26
male,high school,standard,none,82,82,80,7.95,12
female,some college,free/reduced,none,49,58,60,6.49,70
male,some high school,free/reduced,completed,49,50,52,6.38,15
female,high school,free/reduced,completed,57,75,73,7.94,11
male,high school,standard,none,94,73,71,6.65,33
female,some college,standard,completed,75,77,83,7.52,48
female,some high school,free/reduced,none,74,74,72,7.71,25
male,high school,standard,completed,58,52,54,6.91,44
female,some college,standard,none,62,69,69,8,39
male,associate's degree,standard,none,72,57,62,7.2,26
male,some college,standard,none,84,87,81,6.86,21
female,master's degree,standard,none,92,100,100,6.51,27
female,high school,standard,none,45,63,59,7.43,11
male,high school,standard,none,75,81,71,6.76,27
female,some college,standard,none,56,58,64,6.81,10
female,some high school,free/reduced,none,48,54,53,7.65,9
female,associate's degree,standard,none,100,100,100,7.09,46
female,some high school,free/reduced,completed,65,76,75,6.74,8
male,some college,standard,none,72,57,58,8.09,54
female,some college,standard,none,62,70,72,7.37,52
male,some high school,standard,completed,66,68,64,6.24,72
male,some college,standard,none,63,63,60,7.35,59
female,associate's degree,standard,none,68,76,67,6.84,26
female,bachelor's degree,standard,none,75,84,80,6.86,41
female,bachelor's degree,standard,none,89,100,100,7.28,42
male,some high school,standard,completed,78,72,69,6.69,18
female,high school,free/reduced,completed,53,50,60,7.02,18
female,some college,free/reduced,none,49,65,61,6.1,37
female,some college,standard,none,54,63,67,6.42,38
female,some college,standard,completed,64,82,77,8.43,25
male,some college,free/reduced,completed,60,62,60,6.96,48
male,associate's degree,standard,none,62,65,58,7.18,49
male,high school,standard,completed,55,41,48,6.78,12
female,associate's degree,standard,none,91,95,94,7,13
female,high school,free/reduced,none,8,24,23,6.18,27
male,some high school,standard,none,81,78,78,8.06,37
male,some high school,standard,completed,79,85,86,6.87,22
female,some college,standard,completed,78,87,91,6.81,11
female,some high school,standard,none,74,75,82,6.89,16
male,high school,standard,none,57,51,54,7.1,26
female,associate's degree,standard,none,40,59,51,7.09,19
male,some high school,standard,completed,81,75,76,6.77,62
female,some high school,free/reduced,none,44,45,45,5.64,37
female,some college,free/reduced,completed,67,86,83,6.23,31
male,high school,free/reduced,completed,86,81,75,6.17,33
female,some high school,standard,completed,65,82,78,7.04,57
female,associate's degree,free/reduced,none,55,76,76,6.26,12
female,bachelor's degree,free/reduced,none,62,72,74,6.73,21
male,high school,standard,none,63,63,62,6.48,63
female,master's degree,standard,completed,88,99,95,8.87,44
male,high school,free/reduced,none,62,55,55,9.12,65
female,high school,free/reduced,completed,59,71,65,4.89,34
female,some college,standard,completed,68,78,77,8.62,46
female,some college,free/reduced,none,77,86,86,4.9,10
